login,full_name,created_at,stargazers_count,watchers_count,language,has_projects,has_wiki,license_name
PaulBone,PaulBone/fouineur,2024-10-30T04:30:27Z,0,0,,True,False,Mozilla Public License 2.0
djmdjm,djmdjm/eurorack-pmod,2024-10-30T04:04:33Z,0,0,,True,True,Other
davidwengier,davidwengier/Connections,2024-10-29T11:00:48Z,0,0,CSS,True,True,MIT License
binarythistle,binarythistle/CommadAPI8-No-Actions,2024-10-29T09:24:14Z,0,0,C#,True,True,
sammcj,sammcj/ChainForge,2024-10-29T06:49:54Z,0,0,TypeScript,True,False,MIT License
sammcj,sammcj/cline,2024-10-28T03:34:53Z,0,0,TypeScript,True,True,Apache License 2.0
binarythistle,binarythistle/mp-order-creator,2024-10-28T01:20:44Z,0,0,C#,True,True,
mdneuzerling,mdneuzerling/AUHouseHuntr,2024-10-27T21:34:37Z,0,0,R,True,True,Other
TrustAGI-Lab,TrustAGI-Lab/SIGNET,2024-10-27T10:53:55Z,0,0,,True,True,MIT License
sammcj,sammcj/bedrock-openai-api,2024-10-25T22:24:17Z,1,1,Python,False,False,Apache License 2.0
mitchdenny,mitchdenny/ai-chat-aspire-meai-csharp,2024-10-24T22:12:34Z,0,0,,True,True,MIT License
tqwewe,tqwewe/chat-gpt-lib-rs,2024-10-23T16:16:07Z,0,0,,True,False,Apache License 2.0
minghao-wu,minghao-wu/mixture_of_skills,2024-10-23T09:06:33Z,1,1,Python,True,False,
jni,jni/app-model,2024-10-23T08:24:30Z,0,0,,True,False,"BSD 3-Clause ""New"" or ""Revised"" License"
yob,yob/compass,2024-10-22T12:49:24Z,0,0,,True,False,GNU General Public License v3.0
pento,pento/discourse-unit-converter,2024-10-22T02:20:26Z,0,0,JavaScript,True,False,MIT License
tabs-not-spaces,tabs-not-spaces/Adafruit_nRF52_Bootloader,2024-10-21T09:19:24Z,0,0,,True,False,MIT License
lox,lox/bk-skip-unchanged-files,2024-10-21T01:13:33Z,0,0,Go,True,True,
mitchdenny,mitchdenny/AspireGithubCopilot,2024-10-20T22:25:44Z,0,0,,True,True,
Zemerik,Zemerik/Join_Org,2024-10-20T05:06:10Z,0,0,,True,True,
JaseZiv,JaseZiv/mlb-analysis,2024-10-20T03:52:11Z,0,0,R,True,True,
sammcj,sammcj/crewAI,2024-10-19T04:21:59Z,0,0,Python,True,False,MIT License
pento,pento/discourse,2024-10-19T03:35:35Z,0,0,Ruby,True,False,GNU General Public License v2.0
TrustAGI-Lab,TrustAGI-Lab/graph-constrained-reasoning,2024-10-18T03:15:54Z,1,1,,True,True,MIT License
jxom,jxom/chains,2024-10-17T02:06:00Z,1,1,,True,False,MIT License
kawarimidoll,kawarimidoll/awesome-yasunori,2024-10-16T04:56:54Z,0,0,,True,False,MIT License
MugunthKumar,MugunthKumar/Enphase-Envoy-mqtt-json,2024-10-16T04:55:10Z,0,0,Python,True,True,MIT License
UnexpectedMaker,UnexpectedMaker/Light-Crystals,2024-10-15T00:27:56Z,1,1,C++,True,True,MIT License
rmit-computing-technologies,rmit-computing-technologies/redbackbots-gamesight,2024-10-14T22:43:24Z,0,0,ShaderLab,False,True,Other
initstring,initstring/openbas,2024-10-14T20:59:22Z,0,0,Java,True,True,Other
mokagio,mokagio/binary-clocks,2024-10-14T15:14:49Z,0,0,Ruby,True,True,
mitchdenny,mitchdenny/AspNetCore.Diagnostics.HealthChecks,2024-10-14T02:03:09Z,0,0,,True,True,Apache License 2.0
eliocamp,eliocamp/2024_wombat_metR,2024-10-14T00:20:38Z,1,1,HTML,True,True,
jmattsson,jmattsson/esp-picotts,2024-10-13T07:13:04Z,0,0,,True,True,
abruzzi,abruzzi/activity-chart,2024-10-12T00:34:07Z,0,0,TypeScript,True,True,
Zemerik,Zemerik/awesome-login-pages,2024-10-11T08:19:49Z,0,0,,True,True,MIT License
MugunthKumar,MugunthKumar/Audible,2024-10-11T06:29:02Z,0,0,,True,False,GNU Affero General Public License v3.0
aaronparker,aaronparker/NMW,2024-10-10T22:32:59Z,0,0,PowerShell,True,True,
nataliethenerd,nataliethenerd/BucketAmpGBA,2024-10-10T15:26:49Z,1,1,,True,True,
mitchdenny,mitchdenny/aspire9-withcodespaces,2024-10-09T11:56:32Z,0,0,C#,True,True,MIT License
Falconerd,Falconerd/cachesim_odin,2024-10-09T09:16:38Z,0,0,Odin,True,True,
Expensify,Expensify/GitHub-Actions,2024-10-08T20:19:46Z,0,0,,False,False,
KaelWD,KaelWD/coolify,2024-10-08T14:28:07Z,0,0,,True,False,Apache License 2.0
engram-design,engram-design/craft-calendar,2024-10-07T23:15:37Z,0,0,,True,False,Other
rrwick,rrwick/all2vcf,2024-10-07T01:23:41Z,5,5,Python,True,True,GNU General Public License v3.0
mitchdenny,mitchdenny/aspire-withcodespaces,2024-10-07T00:43:15Z,2,2,C#,True,True,MIT License
jxom,jxom/coinbase-wallet-sdk,2024-10-06T20:47:47Z,0,0,,True,False,MIT License
Zemerik,Zemerik/Netflix-Clone,2024-10-05T12:54:52Z,15,15,Vue,False,False,MIT License
mitchdenny,mitchdenny/aspire-dogfood-9.0.0,2024-10-05T07:00:30Z,0,0,,True,True,MIT License
martinbjeldbak,martinbjeldbak/core,2024-10-05T06:03:53Z,0,0,,True,False,Apache License 2.0
Zemerik,Zemerik/X-Clone,2024-10-03T13:16:13Z,16,16,Vue,False,False,MIT License
xxfast,xxfast/DesignPatterns,2024-10-03T12:58:38Z,2,2,Java,True,False,
beekhof,beekhof/enhancements,2024-10-02T23:12:12Z,0,0,,True,True,Apache License 2.0
junhaow1,junhaow1/neon_circular_timer,2024-10-01T23:56:57Z,0,0,,True,True,MIT License
andyyhope,andyyhope/andyyhope.github.io,2024-10-01T04:05:56Z,0,0,HTML,True,True,
aaronparker,aaronparker/ApplicationControl,2024-10-01T01:50:26Z,3,3,,True,False,MIT License
jeromyanglim,jeromyanglim/academicdates,2024-10-01T00:03:55Z,0,0,R,True,True,
psifertex,psifertex/binja_coolsigmaker,2024-09-30T18:11:36Z,0,0,Rust,True,False,GNU Affero General Public License v3.0
abcminiuser,abcminiuser/cpp-raytracer,2024-09-28T08:02:35Z,0,0,C++,True,True,
merill,merill/entra-powershell,2024-09-27T22:46:03Z,1,1,,True,True,MIT License
justinfrench,justinfrench/rails,2024-09-27T12:01:41Z,0,0,,True,False,MIT License
RoyalIcing,RoyalIcing/ash,2024-09-26T07:22:43Z,0,0,,True,True,MIT License
mitchdenny,mitchdenny/aspire2,2024-09-26T06:39:37Z,1,1,C#,True,True,MIT License
mitchdenny,mitchdenny/aspire1,2024-09-26T06:37:46Z,0,0,C#,True,True,MIT License
tmeasday,tmeasday/ap-4995,2024-09-26T04:36:28Z,0,0,,True,True,
KyeOnDiscord,KyeOnDiscord/DeviceAuthGenerator,2024-09-25T08:40:03Z,1,1,Python,True,True,Other
tgdwyer,tgdwyer/doctest,2024-09-25T06:29:05Z,0,0,Haskell,True,False,MIT License
initstring,initstring/awesome-annual-security-reports,2024-09-25T04:13:08Z,0,0,,True,True,Creative Commons Zero v1.0 Universal
tqwewe,tqwewe/cli,2024-09-24T18:05:42Z,0,0,,True,True,GNU General Public License v3.0
mblode,mblode/ai-search,2024-09-23T17:33:57Z,0,0,TypeScript,True,True,
Zemerik,Zemerik/Linktree,2024-09-23T07:33:00Z,15,15,Astro,True,False,MIT License
initstring,initstring/connectors,2024-09-22T20:55:54Z,0,0,,True,True,Apache License 2.0
dicook,dicook/e61_training,2024-09-22T11:06:34Z,2,2,HTML,True,True,Creative Commons Zero v1.0 Universal
sammcj,sammcj/CogVideoX-5B-multi-gpu,2024-09-22T00:13:52Z,1,1,Python,True,True,
alecthegeek,alecthegeek/bar.wezterm,2024-09-21T21:53:14Z,0,0,Lua,True,True,MIT License
Zemerik,Zemerik/Resume,2024-09-21T11:01:42Z,16,16,Astro,False,False,MIT License
sayboras,sayboras/controller-tools,2024-09-20T14:09:39Z,0,0,,True,True,Apache License 2.0
sayboras,sayboras/gengo,2024-09-20T13:21:19Z,0,0,,True,True,Apache License 2.0
pazaan,pazaan/terraform-aws-ecs-cluster,2024-09-20T01:19:36Z,0,0,,True,False,Apache License 2.0
binarythistle,binarythistle/CommadAPI8,2024-09-19T09:08:12Z,0,0,C#,True,True,
kivikakk,kivikakk/eheap,2024-09-19T06:35:11Z,0,0,Zig,False,False,GNU General Public License v3.0
psifertex,psifertex/binja_gameroms_plugin,2024-09-18T15:35:50Z,0,0,,True,True,MIT License
okeeffed,okeeffed/Adv360-Pro-ZMK,2024-09-18T06:49:48Z,0,0,Shell,True,True,MIT License
cjbj,cjbj/odpi,2024-09-18T04:45:18Z,0,0,,True,False,Other
cjbj,cjbj/python-oracledb,2024-09-18T04:42:08Z,0,0,,True,False,Other
Aisuko,Aisuko/fed_lu,2024-09-17T12:40:58Z,0,0,Python,True,True,GNU General Public License v3.0
danilodelucio,danilodelucio/DL_Invoice_Generator,2024-09-16T09:17:13Z,0,0,,True,True,
akmand,akmand/akmand.github.io,2024-09-16T00:12:59Z,0,0,,True,True,MIT License
robskillington,robskillington/fluent-bit,2024-09-14T01:43:36Z,0,0,,True,True,Apache License 2.0
waferbaby,waferbaby/heyparis,2024-09-14T01:34:49Z,0,0,HTML,True,False,
tqwewe,tqwewe/awesome-rust,2024-09-13T09:30:35Z,0,0,Rust,True,False,Creative Commons Zero v1.0 Universal
Aisuko,Aisuko/clinical_notes,2024-09-13T06:44:21Z,1,1,Python,True,True,
Aisuko,Aisuko/GNNDelete,2024-09-13T05:50:05Z,0,0,Python,True,True,MIT License
mohammadKarimi,mohammadKarimi/ghost,2024-09-13T01:59:37Z,4,4,,True,True,
ocavue,ocavue/astro-theme-toggle,2024-09-12T14:29:34Z,21,21,Astro,True,False,MIT License
lvjian700,lvjian700/notebooks,2024-09-12T13:06:43Z,0,0,Jupyter Notebook,True,True,
sporto,sporto/aws4_request,2024-09-12T01:12:03Z,0,0,,True,True,
mohammadKarimi,mohammadKarimi/efcore,2024-09-11T03:19:05Z,2,2,C#,True,False,MIT License
Expensify,Expensify/php-build,2024-09-09T14:27:27Z,0,0,Shell,True,False,MIT License
shsingh,shsingh/deployKF,2024-09-07T07:03:20Z,0,0,,True,False,Apache License 2.0
binarythistle,binarythistle/apibook.net8,2024-09-07T02:13:31Z,5,5,C#,True,True,
peterwilsoncc,peterwilsoncc/gutenberg-build,2024-09-06T22:36:33Z,0,0,JavaScript,True,True,
Aisuko,Aisuko/mimic_iv_pipe_sage_maker,2024-09-05T08:42:22Z,2,2,Jupyter Notebook,True,False,MIT License
KaelWD,KaelWD/async,2024-09-05T07:34:30Z,0,0,,True,True,MIT License
md-5,md-5/clients,2024-09-04T10:47:21Z,0,0,,True,False,Other
rmit-computing-technologies,rmit-computing-technologies/webfun2,2024-09-04T05:54:15Z,0,0,,False,True,
eliotharper,eliotharper/DF24-Data-Cloud-Workshop,2024-09-03T23:08:45Z,2,2,HTML,False,False,
Mair,Mair/lvgl-esp32-port,2024-09-03T09:41:12Z,0,0,C,True,True,
glennawatson,glennawatson/GitReleaseNoteGenerator,2024-09-03T08:53:29Z,2,2,,True,True,MIT License
MattCowgill,MattCowgill/colorblindr,2024-09-03T03:43:10Z,0,0,R,True,True,MIT License
djmdjm,djmdjm/libcrux,2024-09-02T07:01:18Z,0,0,C,True,True,Apache License 2.0
waferbaby,waferbaby/lobsters,2024-09-01T09:51:04Z,0,0,,True,True,Other
initstring,initstring/opencti,2024-09-01T07:45:59Z,1,1,,True,False,Other
Aisuko,Aisuko/mimic_automatic,2024-08-31T23:18:12Z,0,0,Jupyter Notebook,True,False,MIT License
pazaan,pazaan/terraform-aws-ecs-cloudwatch-sns-alarms,2024-08-31T04:13:29Z,0,0,,True,False,Apache License 2.0
JaseZiv,JaseZiv/lectures,2024-08-30T22:05:25Z,0,0,,True,True,MIT License
mishmanners,mishmanners/copilot-hands-on,2024-08-30T11:53:41Z,0,0,,True,True,MIT License
djmdjm,djmdjm/crypto,2024-08-30T06:35:53Z,0,0,,True,False,"BSD 3-Clause ""New"" or ""Revised"" License"
navidcy,navidcy/ATOC30006-demos,2024-08-29T23:08:41Z,0,0,Julia,True,True,Apache License 2.0
andycasey,andycasey/astropy,2024-08-29T19:45:50Z,0,0,Python,True,True,"BSD 3-Clause ""New"" or ""Revised"" License"
mosh-hamedani,mosh-hamedani/python-projects-for-beginners,2024-08-29T17:14:21Z,73,73,Python,True,False,
nataliethenerd,nataliethenerd/CPU-E-MGBC,2024-08-29T17:06:20Z,8,8,,True,True,Other
andycasey,andycasey/AS5_random,2024-08-28T14:09:15Z,0,0,,True,True,
djmdjm,djmdjm/kyber,2024-08-27T23:51:28Z,0,0,,True,True,Other
esteinig,esteinig/delphy,2024-08-27T11:10:48Z,0,0,,True,True,Other
Anon-Exploiter,Anon-Exploiter/AD_Miner,2024-08-27T00:37:06Z,0,0,,True,False,GNU General Public License v3.0
robskillington,robskillington/flight-cal,2024-08-25T10:04:42Z,0,0,Go,True,True,
KyeOnDiscord,KyeOnDiscord/facebook-marketplace-scraper,2024-08-25T00:53:21Z,0,0,Python,True,False,
mohammadKarimi,mohammadKarimi/Riter,2024-08-23T05:57:14Z,32,32,C#,True,True,MIT License
NiREvil,NiREvil/nirevil.github.io,2024-08-20T15:46:39Z,5,5,JavaScript,True,True,MIT License
loklaan,loklaan/effect.website,2024-08-20T07:03:49Z,0,0,,True,True,
sammcj,sammcj/angular-seed-genai-uplift-example,2024-08-20T04:36:54Z,0,0,,True,False,MIT License
Djelibeybi,Djelibeybi/hass-ExoyONE,2024-08-18T13:17:37Z,2,2,Python,False,False,MIT License
prodigysml,prodigysml/steampipe-plugin-cyclonedx,2024-08-17T08:14:16Z,2,2,Go,True,True,
sammcj,sammcj/ai-artifacts,2024-08-15T11:52:02Z,2,2,TypeScript,True,True,Apache License 2.0
BeauNouvelle,BeauNouvelle/Aaliyah-privacy-policy,2024-08-15T07:33:41Z,0,0,,True,True,
Alhadis,Alhadis/7zinfo,2024-08-15T02:23:54Z,0,0,Perl,True,True,ISC License
philnash,philnash/astra-db-ts,2024-08-12T06:34:03Z,0,0,,True,True,Apache License 2.0
aaronparker,aaronparker/ubuntu,2024-08-11T01:16:45Z,3,3,,False,False,MIT License
nataliethenerd,nataliethenerd/enhancedcontrolcheckerGBA,2024-08-10T15:06:45Z,6,6,Makefile,True,True,Other
jxom,jxom/coinbase-sdk-nodejs,2024-08-10T07:09:07Z,0,0,,True,False,Other
UnexpectedMaker,UnexpectedMaker/Adafruit_LIS3DH,2024-08-09T21:52:08Z,0,0,C++,True,False,Other
UnexpectedMaker,UnexpectedMaker/FastLED_NeoMatrix,2024-08-08T22:15:01Z,0,0,C++,True,True,GNU General Public License v3.0
robskillington,robskillington/fluent-bit-docs,2024-08-08T22:02:51Z,0,0,,True,True,
willvelida,willvelida/anzusergroups,2024-08-08T14:09:16Z,0,0,,True,True,
engram-design,engram-design/craft-style-inliner,2024-08-07T08:37:11Z,0,0,,True,False,MIT License
mishmanners,mishmanners/copilotx,2024-08-07T03:16:28Z,1,1,,True,False,MIT License
Aisuko,Aisuko/chatpilot,2024-08-06T23:32:41Z,0,0,Python,True,True,Apache License 2.0
bulkan,bulkan/bubbles,2024-08-06T10:52:07Z,0,0,Go,True,True,MIT License
djmdjm,djmdjm/gitlimit,2024-08-06T06:17:09Z,4,4,Go,True,True,ISC License
JiashuWu,JiashuWu/voc,2024-08-05T12:45:08Z,0,0,HTML,True,True,
bryceadams,bryceadams/slack-laravel,2024-08-05T11:16:44Z,0,0,PHP,True,True,MIT License
KaelWD,KaelWD/cosmic-sdk-js,2024-08-04T14:10:46Z,0,0,,True,True,MIT License
leonyuhanov,leonyuhanov/ESP32_RGBW_ArtNet,2024-08-04T02:28:55Z,0,0,C++,True,True,GNU General Public License v3.0
Zemerik,Zemerik/ZemDocs,2024-08-03T14:11:30Z,17,17,Astro,False,False,Apache License 2.0
radar,radar/cards_tf,2024-08-03T00:26:00Z,0,0,Python,True,True,
ocavue,ocavue/astrobook,2024-08-02T11:01:12Z,94,94,TypeScript,True,False,MIT License
junhaow1,junhaow1/rattleng,2024-08-02T01:28:23Z,0,0,Dart,True,True,GNU General Public License v3.0
sammcj,sammcj/ai-router-chat,2024-08-01T22:00:39Z,0,0,TypeScript,True,True,MIT License
marcusvolz,marcusvolz/mathematica,2024-07-31T13:43:02Z,1,1,,True,True,
willvelida,willvelida/aks-platform-engineering,2024-07-31T00:13:36Z,0,0,HCL,True,True,MIT License
timacdonald,timacdonald/clickhouse-docs,2024-07-30T23:51:41Z,0,0,,True,True,Other
cjbj,cjbj/pecl-database-pdo_oci,2024-07-30T01:02:05Z,0,0,PHP,True,True,Other
evgenyneu,evgenyneu/CMSaasStarter,2024-07-29T06:28:49Z,0,0,,True,False,MIT License
KaelWD,KaelWD/do-pnpm-test,2024-07-27T06:47:49Z,0,0,JavaScript,True,True,
KaelWD,KaelWD/ecosystem-ci,2024-07-26T13:50:49Z,0,0,,True,True,MIT License
chrisleekr,chrisleekr/homelab-infrastructure,2024-07-26T12:00:03Z,1,1,HCL,False,False,
dhotson,dhotson/activeadmin,2024-07-26T00:41:32Z,0,0,,True,True,MIT License
navidcy,navidcy/aus2200-intake,2024-07-22T10:59:55Z,0,0,,True,True,Apache License 2.0
Karolyna84,Karolyna84/java-cheat-codes-most-popular-functions-3813068,2024-07-22T10:02:28Z,0,0,,True,True,Other
chris-horner,chris-horner/EaseOutBack-Crash,2024-07-21T02:10:46Z,0,0,Kotlin,True,True,
nataliethenerd,nataliethenerd/RainsGBTurbo,2024-07-20T13:20:03Z,7,7,C++,True,True,Other
eliocamp,eliocamp/cvms,2024-07-19T14:48:13Z,0,0,,True,True,Other
MugunthKumar,MugunthKumar/audible-bookmark-extractor,2024-07-19T04:17:34Z,1,1,Python,True,True,
Benjamin-Dobell,Benjamin-Dobell/ComfyUI-CoreMLSuite,2024-07-18T15:16:25Z,1,1,Python,True,True,GNU General Public License v3.0
philipbelesky,philipbelesky/husky,2024-07-18T05:14:54Z,0,0,,True,False,MIT License
vektah,vektah/go-statsd,2024-07-18T03:59:50Z,0,0,Go,True,True,MIT License
timacdonald,timacdonald/inertia-eager-asset-prefetch,2024-07-17T22:10:59Z,3,3,PHP,True,True,MIT License
mosh-hamedani,mosh-hamedani/python-supplementary-materials,2024-07-16T22:44:04Z,23,23,,True,True,
bcgit,bcgit/bc-rust,2024-07-16T19:40:06Z,0,0,,True,True,
davkean,davkean/Nerdbank.Streams,2024-07-16T00:31:12Z,0,0,,True,False,MIT License
NiREvil,NiREvil/WarpScanner,2024-07-15T16:41:16Z,3,3,,True,True,
nataliethenerd,nataliethenerd/GCController23-0899D,2024-07-15T13:05:35Z,10,10,,True,True,Other
jesseduffield,jesseduffield/ahoy_email,2024-07-15T12:42:57Z,1,1,,True,False,MIT License
cjbj,cjbj/python-cx_Oracle,2024-07-15T11:42:30Z,0,0,,True,False,Other
cjbj,cjbj/oci-typescript-sdk,2024-07-15T09:25:15Z,0,0,,True,True,Other
feilipu,feilipu/asteroids_regis,2024-07-15T06:19:54Z,0,0,C,True,True,GNU General Public License v2.0
KieraDOG,KieraDOG/chuckroo,2024-07-15T03:24:06Z,0,0,JavaScript,True,True,
nataliethenerd,nataliethenerd/YAPoco,2024-07-12T16:09:32Z,32,32,,True,True,Other
arttnba3,arttnba3/kallsyms_lookuper,2024-07-12T15:15:01Z,3,3,C,True,True,GNU General Public License v2.0
Djelibeybi,Djelibeybi/home-assistant-docs,2024-07-11T22:38:03Z,0,0,,True,False,Other
navidcy,navidcy/computational-thinking-template,2024-07-11T09:04:20Z,0,0,,True,True,Other
sayboras,sayboras/dotfiles,2024-07-11T02:31:23Z,0,0,Shell,True,True,
sammcj,sammcj/closing-the-gap,2024-07-10T22:38:50Z,2,2,JavaScript,False,False,MIT License
pazaan,pazaan/terraform-aws-rds-cluster,2024-07-10T02:10:31Z,0,0,,True,False,Apache License 2.0
TuPayChain,TuPayChain/initial-coin-offering-platform,2024-07-09T14:01:52Z,2,2,,True,True,
cjbj,cjbj/doc-base,2024-07-09T04:18:44Z,0,0,PHP,True,False,Other
cjbj,cjbj/doc-en,2024-07-09T04:16:47Z,0,0,XML,True,False,
okeeffed,okeeffed/codemod-tsoa-401-403,2024-07-09T03:02:54Z,0,0,TypeScript,True,True,
KaelWD,KaelWD/AceJump,2024-07-08T08:35:47Z,0,0,,True,True,GNU General Public License v3.0
mishmanners,mishmanners/awesome-github-profile-readme,2024-07-08T05:29:14Z,0,0,,True,True,Creative Commons Zero v1.0 Universal
KaelWD,KaelWD/edgedb,2024-07-07T14:31:48Z,0,0,,True,False,Apache License 2.0
tabs-not-spaces,tabs-not-spaces/AzAuth,2024-07-07T04:11:09Z,0,0,PowerShell,True,False,MIT License
Zemerik,Zemerik/ZemPosts,2024-07-06T04:37:09Z,20,20,Astro,False,False,MIT License
benschwarz,benschwarz/chrome-har,2024-07-04T01:39:38Z,0,0,,True,True,MIT License
mukul500,mukul500/system-design-primer,2024-07-04T01:30:30Z,0,0,,True,True,Other
ocavue,ocavue/ai,2024-07-03T15:53:26Z,1,1,,True,False,Other
davkean,davkean/csharp-uniontypes,2024-07-03T12:38:07Z,0,0,,True,True,MIT License
dicook,dicook/dicook-quarto,2024-07-03T10:58:19Z,0,0,HTML,True,True,Creative Commons Zero v1.0 Universal
KaelWD,KaelWD/hono-session,2024-07-03T08:53:36Z,3,3,TypeScript,True,True,MIT License
pazaan,pazaan/terraform-aws-tfstate-backend,2024-07-03T03:56:17Z,0,0,HCL,True,False,Apache License 2.0
ianw,ianw/dracut-ng,2024-07-03T01:29:10Z,0,0,,True,True,GNU General Public License v2.0
kivikakk,kivikakk/amaranth-yosys,2024-07-02T14:14:54Z,0,0,,True,False,ISC License
cjbj,cjbj/pecl-database-oci8,2024-07-02T02:46:27Z,0,0,PHP,True,True,Other
kivikakk,kivikakk/amaranth-boards,2024-07-01T19:13:22Z,0,0,Python,True,False,"BSD 2-Clause ""Simplified"" License"
ianw,ianw/asciidoctor,2024-07-01T03:16:14Z,0,0,,True,True,Other
vertxxyz,vertxxyz/Vertx.EdgeKnife,2024-06-30T05:44:12Z,5,5,C#,False,False,MIT License
prodigysml,prodigysml/steampipe-plugin-spdx,2024-06-30T03:19:00Z,1,1,Go,True,True,
JaseZiv,JaseZiv/generative-ai-for-beginners,2024-06-29T11:08:23Z,0,0,,True,False,MIT License
tabs-not-spaces,tabs-not-spaces/2024,2024-06-29T09:22:49Z,1,1,PowerShell,True,True,
prodigysml,prodigysml/steampipe-plugin-discloseio-diodb,2024-06-28T13:33:31Z,2,2,Go,True,True,
sync,sync/canaries,2024-06-28T00:03:32Z,0,0,TypeScript,True,True,
ziplab,ziplab/ZipLLM,2024-06-27T06:45:40Z,1,1,,True,True,
KaelWD,KaelWD/hono_sessions,2024-06-26T15:44:43Z,0,0,TypeScript,True,True,MIT License
psifertex,psifertex/binja-xtensa,2024-06-24T22:08:14Z,0,0,,True,False,MIT License
KaelWD,KaelWD/mpv-changerefresh,2024-06-24T14:42:37Z,0,0,Lua,True,True,MIT License
mitchdenny,mitchdenny/aspire-samples,2024-06-24T13:03:29Z,0,0,,True,True,MIT License
mitchdenny,mitchdenny/aspire,2024-06-24T04:52:36Z,0,0,,True,False,MIT License
djmdjm,djmdjm/httpbasicauth,2024-06-23T08:45:01Z,0,0,Go,True,True,MIT License
eliocamp,eliocamp/agroclimatico.en,2024-06-21T01:07:49Z,0,0,R,True,True,
Zemerik,Zemerik/ZemShowcase,2024-06-19T09:14:05Z,17,17,TypeScript,False,False,Apache License 2.0
eliocamp,eliocamp/access-s2-ice,2024-06-19T01:47:12Z,0,0,HTML,True,True,
timacdonald,timacdonald/ClickHouse,2024-06-19T00:32:37Z,0,0,,True,True,Apache License 2.0
ychescale9,ychescale9/compose-lints,2024-06-18T06:33:41Z,0,0,,True,True,Apache License 2.0
KaelWD,KaelWD/hono,2024-06-18T05:59:53Z,0,0,,True,False,MIT License
Djelibeybi,Djelibeybi/devices-experiment,2024-06-16T05:37:29Z,0,0,,True,True,
okeeffed,okeeffed/demo-effect-ts-express,2024-06-16T05:20:04Z,1,1,TypeScript,True,True,
yinchuandong,yinchuandong/bonjour,2024-06-14T01:31:26Z,0,0,,True,True,MIT License
dgoodlad,dgoodlad/cheapest-energy-hours,2024-06-14T00:33:25Z,0,0,,True,True,GNU General Public License v3.0
LucasGarcez,LucasGarcez/react-native-share,2024-06-13T04:20:40Z,0,0,Java,True,True,MIT License
LucasGarcez,LucasGarcez/react-native-cli-bump-version,2024-06-11T20:13:09Z,0,0,,True,True,
LucasGarcez,LucasGarcez/react-native-mmkv,2024-06-10T23:50:23Z,0,0,,True,False,MIT License
timacdonald,timacdonald/decorate,2024-06-08T22:21:40Z,0,0,PHP,True,True,
maks,maks/BangleApps,2024-06-08T06:58:56Z,0,0,,True,True,MIT License
Anon-Exploiter,Anon-Exploiter/CRTO-Lab-Status,2024-06-08T03:45:05Z,2,2,Python,True,True,MIT License
matthaywardwebdesign,matthaywardwebdesign/assignment-booter,2024-06-07T23:21:44Z,1,1,JavaScript,True,True,
Sutto,Sutto/2fhey,2024-06-07T00:26:12Z,0,0,,True,True,Creative Commons Zero v1.0 Universal
xxfast,xxfast/Chess-KMP,2024-06-06T13:08:40Z,58,58,Kotlin,True,False,
Gizmotronn,Gizmotronn/askrifendaklon,2024-06-06T10:35:37Z,0,0,TypeScript,True,True,MIT License
UnexpectedMaker,UnexpectedMaker/esp-idf,2024-06-06T09:19:24Z,0,0,C,True,True,Apache License 2.0
Djelibeybi,Djelibeybi/certbot-dns-oci,2024-06-05T22:24:50Z,0,0,,True,False,MIT License
kivikakk,kivikakk/chisel,2024-06-05T14:25:15Z,0,0,,True,False,Apache License 2.0
Team-Nando,Team-Nando/OE4-Asset_Capacity_Delta_V_Integrated_MV-LV_Calculation,2024-06-05T02:01:47Z,0,0,Jupyter Notebook,True,True,"BSD 3-Clause ""New"" or ""Revised"" License"
Team-Nando,Team-Nando/OE3-Asset_Capacity_Critical_V_Integrated_MV-LV_Calculation,2024-06-05T00:15:19Z,0,0,Jupyter Notebook,True,True,"BSD 3-Clause ""New"" or ""Revised"" License"
stevage,stevage/agol-cache,2024-06-04T23:09:24Z,0,0,,True,True,MIT License
philipbelesky,philipbelesky/Clipper2GH,2024-06-04T22:23:16Z,0,0,,True,False,MIT License
leonyuhanov,leonyuhanov/I2SClocklessLedDriver,2024-06-03T04:52:23Z,0,0,C++,True,True,MIT License
Adnan25z,Adnan25z/SmartBushFireRiskGaugeSystem,2024-06-03T03:52:17Z,0,0,C++,True,True,
Adnan25z,Adnan25z/MatchsticsARM,2024-06-03T03:38:33Z,0,0,,True,True,
kivikakk,kivikakk/ili9341spi,2024-05-31T18:41:18Z,0,0,Python,False,False,
kivikakk,kivikakk/athena,2024-05-31T16:47:56Z,0,0,Scala,False,False,GNU Lesser General Public License v3.0
taybenlor,taybenlor/jsqx,2024-05-31T06:41:14Z,0,0,TypeScript,True,True,
Adnan25z,Adnan25z/ai-campaigns,2024-05-31T00:44:20Z,0,0,JavaScript,True,True,
Adnan25z,Adnan25z/DockerKubernetes,2024-05-30T01:07:11Z,0,0,JavaScript,True,True,
TheDen,TheDen/awesome-lastfm,2024-05-26T15:14:56Z,0,0,,True,True,Creative Commons Zero v1.0 Universal
TheDen,TheDen/awesome-containerized-security,2024-05-26T15:12:41Z,0,0,,True,False,
TheDen,TheDen/awesome-docker-security,2024-05-26T15:06:43Z,0,0,,True,True,MIT License
TheDen,TheDen/awesome-docker,2024-05-26T14:38:08Z,0,0,,True,False,Apache License 2.0
minghao-wu,minghao-wu/transagents,2024-05-25T08:27:41Z,573,573,,True,True,Apache License 2.0
Djelibeybi,Djelibeybi/FanControl.Liquidctl,2024-05-25T07:26:37Z,0,0,,False,False,GNU General Public License v3.0
xxfast,xxfast/Counter-kRPC,2024-05-24T14:17:57Z,25,25,Kotlin,True,False,
nataliethenerd,nataliethenerd/boardscans,2024-05-23T09:33:32Z,25,25,,True,True,
Viralmaniar,Viralmaniar/HandyScripts,2024-05-23T08:06:19Z,0,0,PowerShell,True,True,
Team-Nando,Team-Nando/OE2-Asset_Capacity_Integrated_MV-LV_Calculation,2024-05-23T05:29:51Z,0,0,Jupyter Notebook,True,True,"BSD 3-Clause ""New"" or ""Revised"" License"
bardiharborow,bardiharborow/fleet,2024-05-23T02:00:47Z,0,0,Go,True,False,Other
KaelWD,KaelWD/edgedb-cli,2024-05-22T14:37:11Z,0,0,,True,False,Apache License 2.0
sammcj,sammcj/confuddlement,2024-05-22T12:05:56Z,3,3,Go,False,False,MIT License
ianw,ianw/git,2024-05-22T01:45:46Z,0,0,,True,False,Other
drewnoakes,drewnoakes/Community.VisualStudio.SourceGenerators,2024-05-21T10:38:33Z,0,0,,True,True,MIT License
engram-design,engram-design/craft-plugin-vite,2024-05-21T09:35:44Z,0,0,PHP,True,True,MIT License
junhaow1,junhaow1/keypod,2024-05-20T15:05:14Z,0,0,,True,False,GNU General Public License v3.0
LucasGarcez,LucasGarcez/react-conf-app,2024-05-19T23:18:33Z,2,2,,True,True,
TuPayChain,TuPayChain/POS-web,2024-05-19T06:23:13Z,1,1,,True,True,
jarshwah,jarshwah/experiments-fixit,2024-05-19T05:53:21Z,0,0,Python,True,True,MIT License
PaulBone,PaulBone/gfthings,2024-05-18T10:40:54Z,7,7,Python,True,True,
haileys,haileys/airsonic-refix,2024-05-17T11:24:46Z,0,0,,True,True,GNU Affero General Public License v3.0
leonyuhanov,leonyuhanov/KS0108_RPI_Driver,2024-05-17T06:17:18Z,0,0,C++,True,True,Apache License 2.0
martinbjeldbak,martinbjeldbak/google.aip.dev,2024-05-15T06:51:54Z,0,0,,True,False,Other
PaulBone,PaulBone/gflabel,2024-05-14T09:43:53Z,0,0,Python,True,True,"BSD 3-Clause ""New"" or ""Revised"" License"
tabs-not-spaces,tabs-not-spaces/ballerina-api-demo,2024-05-12T16:14:00Z,0,0,,True,True,
KaelWD,KaelWD/AirSense,2024-05-12T11:31:22Z,0,0,,True,True,GNU General Public License v3.0
sync,sync/borg,2024-05-12T08:04:20Z,0,0,TypeScript,True,True,
AndiiCodes,AndiiCodes/wakatime-api,2024-05-12T07:04:43Z,0,0,JavaScript,True,True,
kivikakk,kivikakk/chryse-template,2024-05-10T12:31:48Z,0,0,Scala,True,False,
minghao-wu,minghao-wu/llama3_mt,2024-05-10T04:38:08Z,6,6,Python,True,True,Apache License 2.0
kivikakk,kivikakk/chryse,2024-05-08T18:57:09Z,4,4,Scala,False,False,GNU Lesser General Public License v3.0
quad,quad/git-stack,2024-05-07T22:03:28Z,0,0,,True,False,Apache License 2.0
Team-Nando,Team-Nando/OE1-Ideal_Integrated_MV-LV_Calculation,2024-05-07T05:54:28Z,0,0,Jupyter Notebook,True,True,"BSD 3-Clause ""New"" or ""Revised"" License"
pact-foundation,pact-foundation/pact-core-mock-server,2024-05-07T05:17:00Z,3,3,Rust,True,True,MIT License
NiREvil,NiREvil/Trauma,2024-05-06T23:28:36Z,20,20,,False,False,GNU General Public License v2.0
Zemerik,Zemerik/ZemProfiles,2024-05-06T07:00:30Z,20,20,Astro,False,False,MIT License
NiREvil,NiREvil/Emotional-Damage,2024-05-05T23:10:15Z,18,18,JavaScript,True,False,MIT License
adam-gruer,adam-gruer/blog2,2024-05-05T05:54:56Z,0,0,,True,True,
NiREvil,NiREvil/edgetunnel,2024-05-03T13:04:21Z,10,10,JavaScript,True,True,GNU General Public License v2.0
jxom,jxom/alphanet,2024-05-03T06:08:20Z,0,0,,True,True,Apache License 2.0
mitchdenny,mitchdenny/AspireWithPostgres,2024-04-30T23:22:53Z,0,0,C#,True,True,MIT License
mitchdenny,mitchdenny/aspire-iinventory-management,2024-04-30T21:19:32Z,0,0,C#,True,True,
TrustAGI-Lab,TrustAGI-Lab/PSICHIC,2024-04-30T12:13:45Z,3,3,,True,True,Apache License 2.0
kmkurn,kmkurn/aclrollingreview,2024-04-30T05:34:55Z,0,0,,True,True,MIT License
NiREvil,NiREvil/Harmony,2024-04-29T13:19:25Z,23,23,JavaScript,False,False,MIT License
xxfast,xxfast/ClimateTraceKMP,2024-04-29T11:08:19Z,1,1,Kotlin,True,True,Apache License 2.0
kivikakk,kivikakk/eri,2024-04-28T15:36:41Z,0,0,Ruby,True,True,
kivikakk,kivikakk/cmark-gfm,2024-04-28T08:25:50Z,0,0,,True,False,Other
Zemerik,Zemerik/Portfolio-v2,2024-04-22T10:05:10Z,27,27,TypeScript,False,False,"BSD 2-Clause ""Simplified"" License"
Zemerik,Zemerik/zemerik.github.io,2024-04-22T09:09:59Z,18,18,SCSS,False,False,MIT License
franciskim,franciskim/dn404,2024-04-22T00:58:52Z,0,0,,True,False,MIT License
franciskim,franciskim/erc404,2024-04-22T00:58:33Z,0,0,,True,False,
NiREvil,NiREvil/Url-Shorten-Worker,2024-04-21T07:18:00Z,9,9,HTML,True,True,MIT License
MelbourneDeveloper,MelbourneDeveloper/fhir_client,2024-04-20T22:44:21Z,3,3,Dart,True,True,"BSD 3-Clause ""New"" or ""Revised"" License"
AndiiCodes,AndiiCodes/Custom-RMIT-Assessments-Dashboard,2024-04-20T05:07:10Z,3,3,HTML,True,True,
TheCherno,TheCherno/Genesis-Remake,2024-04-20T03:20:29Z,86,86,C++,True,True,
NiREvil,NiREvil/cf-lama-tg-bot,2024-04-19T21:42:57Z,7,7,,True,True,Apache License 2.0
alecthegeek,alecthegeek/ATAC,2024-04-16T20:26:32Z,0,0,,True,True,MIT License
hugomd,hugomd/chatterbox,2024-04-16T12:22:11Z,0,0,JavaScript,True,True,
shsingh,shsingh/cnti-certification,2024-04-15T20:50:18Z,1,1,,True,True,Other
alexhude,alexhude/BusPirate5-firmware,2024-04-13T13:11:41Z,0,0,C,True,True,MIT License
Anon-Exploiter,Anon-Exploiter/cs2-server,2024-04-13T03:49:10Z,1,1,,True,True,MIT License
Adnan25z,Adnan25z/codePulse,2024-04-12T14:09:19Z,1,1,C#,True,True,
Zemerik,Zemerik/Terminal,2024-04-12T13:14:28Z,18,18,TypeScript,False,False,MIT License
mukul500,mukul500/a1-cloud-computing,2024-04-12T11:00:09Z,0,0,Python,True,True,
JaseZiv,JaseZiv/ebbr,2024-04-10T03:06:40Z,0,0,,True,True,Other
MattCowgill,MattCowgill/AIOE,2024-04-09T22:54:55Z,0,0,,True,True,
navidcy,navidcy/ConceptualClimateModels.jl,2024-04-09T08:04:28Z,1,1,,True,False,MIT License
xxfast,xxfast/Counter-KMP,2024-04-08T11:35:00Z,0,0,Kotlin,True,True,
Adnan25z,Adnan25z/Adnan25z,2024-04-07T12:12:48Z,0,0,,True,True,
danilodelucio,danilodelucio/ReadChecker,2024-04-07T03:54:36Z,7,7,Python,True,True,
camjackson,camjackson/knip-weirdness,2024-04-07T01:06:18Z,0,0,TypeScript,True,True,
ychescale9,ychescale9/apollo-kotlin,2024-04-06T12:42:31Z,0,0,Kotlin,True,True,MIT License
Adnan25z,Adnan25z/JavaSwingInventoryManagementSystem,2024-04-06T07:03:55Z,1,1,Java,True,True,
NiREvil,NiREvil/CFW-BOT,2024-04-04T20:11:33Z,18,18,JavaScript,True,True,MIT License
merill,merill/awesome-graphps,2024-04-04T13:08:27Z,8,8,,True,False,Creative Commons Zero v1.0 Universal
AndiiCodes,AndiiCodes/canvas-server,2024-04-04T06:44:28Z,0,0,JavaScript,True,True,
ziplab,ziplab/LongVLM,2024-04-03T05:59:51Z,59,59,Python,True,False,
vinisalazar,vinisalazar/conda,2024-04-02T12:52:10Z,0,0,,True,True,Other
mihar-22,mihar-22/sveltekit,2024-04-02T02:33:07Z,0,0,,True,False,MIT License
Aisuko,Aisuko/jupyterhub,2024-04-01T09:36:41Z,0,0,Python,True,True,Apache License 2.0
Team-Nando,Team-Nando/OEs-The-Basics,2024-04-01T02:38:47Z,0,0,Jupyter Notebook,True,True,"BSD 3-Clause ""New"" or ""Revised"" License"
chrisleekr,chrisleekr/langchain-playground,2024-03-31T03:23:35Z,3,3,TypeScript,False,False,
NiREvil,NiREvil/bia-pain-bache,2024-03-31T01:03:58Z,84,84,JavaScript,False,True,GNU General Public License v2.0
minghao-wu,minghao-wu/kill_that_reviewer,2024-03-30T23:08:53Z,2,2,,True,True,
danilodelucio,danilodelucio/DL_Maya_Toolkit,2024-03-30T10:03:50Z,5,5,Python,True,True,MIT License
emilytrau,emilytrau/a-shell,2024-03-29T16:10:55Z,0,0,,True,True,"BSD 3-Clause ""New"" or ""Revised"" License"
emilytrau,emilytrau/blink,2024-03-29T09:30:40Z,0,0,,True,True,GNU General Public License v3.0
NiREvil,NiREvil/WLG,2024-03-27T21:20:39Z,36,36,Python,True,True,MIT License
nataliethenerd,nataliethenerd/GBC-DCPixel,2024-03-27T07:08:03Z,16,16,C++,True,True,Other
ziplab,ziplab/mvsplat,2024-03-26T11:57:00Z,0,0,,True,False,Other
Team-Nando,Team-Nando/MV-LV-Networks,2024-03-26T03:29:17Z,25,25,Python,True,True,"BSD 3-Clause ""New"" or ""Revised"" License"
bardiharborow,bardiharborow/djangoobjectsmypytest,2024-03-26T01:41:06Z,0,0,,True,True,MIT License
srikat,srikat/docs,2024-03-25T06:14:45Z,0,0,,True,True,
Team-Nando,Team-Nando/ANM-of-LV-Networks-Rule-Based-Approach,2024-03-24T23:47:25Z,0,0,Jupyter Notebook,True,True,"BSD 3-Clause ""New"" or ""Revised"" License"
brainstorm,brainstorm/embassy-as5600,2024-03-24T09:07:40Z,2,2,Rust,True,True,
toolmantim,toolmantim/bookbot,2024-03-23T04:02:27Z,0,0,,True,True,
okeeffed,okeeffed/codemods,2024-03-22T06:00:42Z,0,0,JavaScript,True,True,Other
TheDen,TheDen/awesome-stars,2024-03-21T05:49:51Z,0,0,,True,True,
NiREvil,NiREvil/workers-graphql-server,2024-03-21T03:05:35Z,6,6,,True,True,MIT License
x-team,x-team/ci-demo,2024-03-20T05:26:35Z,0,0,JavaScript,True,True,
timacdonald,timacdonald/fortify,2024-03-19T01:22:04Z,0,0,,True,False,MIT License
timacdonald,timacdonald/horizon,2024-03-18T23:49:10Z,0,0,,True,False,MIT License
x-team,x-team/golang-peer-learning,2024-03-18T13:31:43Z,7,7,Go,True,True,
quad,quad/awesome-versioning,2024-03-18T07:06:54Z,4,4,Shell,False,False,Creative Commons Zero v1.0 Universal
joshwnj,joshwnj/chords,2024-03-18T04:09:18Z,0,0,JavaScript,True,True,
Adnan25z,Adnan25z/LeetCode,2024-03-17T22:49:49Z,0,0,Java,True,True,
Aisuko,Aisuko/workflow,2024-03-17T03:10:52Z,0,0,Makefile,True,False,Apache License 2.0
nataliethenerd,nataliethenerd/BucketAmpGBC,2024-03-16T14:27:17Z,12,12,,True,True,Other
pact-foundation,pact-foundation/composer-downloads-plugin,2024-03-15T13:01:50Z,0,0,PHP,True,True,MIT License
waferbaby,waferbaby/snackdance,2024-03-15T09:06:57Z,0,0,Ruby,True,True,
chengzhag,chengzhag/PanFusion,2024-03-14T08:02:22Z,172,172,Python,True,True,MIT License
jni,jni/annotrack,2024-03-14T04:22:23Z,0,0,Python,True,True,"BSD 3-Clause ""New"" or ""Revised"" License"
heykarimoff,heykarimoff/Best-README-Template,2024-03-13T02:33:25Z,0,0,,True,True,MIT License
ziplab,ziplab/QLLM,2024-03-12T06:58:15Z,19,19,Python,True,True,Apache License 2.0
benbarsdell,benbarsdell/MatX,2024-03-11T13:02:45Z,0,0,,True,False,"BSD 3-Clause ""New"" or ""Revised"" License"
bardiharborow,bardiharborow/ruff,2024-03-11T03:37:20Z,0,0,,True,False,MIT License
eliotharper,eliotharper/neural-network-api,2024-03-11T02:31:49Z,0,0,JavaScript,True,True,
justinfrench,justinfrench/phlex-rails,2024-03-09T20:55:58Z,0,0,,True,False,MIT License
benbarsdell,benbarsdell/cuda_event_benchmark,2024-03-09T09:55:45Z,0,0,,True,True,Apache License 2.0
moroshko,moroshko/blocknote-issue,2024-03-07T23:06:46Z,0,0,TypeScript,True,True,
bardiharborow,bardiharborow/gocardless-pro-python,2024-03-06T02:52:33Z,0,0,,True,False,MIT License
nataliethenerd,nataliethenerd/USBC_ColorOrPocket,2024-03-05T06:05:43Z,4,4,,True,True,Creative Commons Attribution 4.0 International
rstacruz,rstacruz/astro-starter-rsc,2024-03-03T10:13:25Z,2,2,JavaScript,False,False,MIT License
andyyhope,andyyhope/rereviews,2024-03-03T08:32:22Z,0,0,,True,True,
danilodelucio,danilodelucio/NukeDiffusion,2024-03-03T05:46:37Z,67,67,Python,True,False,MIT License
jimjam-slam,jimjam-slam/clex-workshop-dataviz,2024-03-03T05:32:20Z,0,0,CSS,True,True,MIT License
peterwilsoncc,peterwilsoncc/fonts-to-uploads,2024-03-01T22:55:14Z,1,1,Shell,True,True,MIT License
kawarimidoll,kawarimidoll/bluesquare,2024-03-01T12:07:42Z,2,2,TypeScript,True,True,MIT License
JoshuaBatty,JoshuaBatty/gpu-sha256,2024-03-01T00:38:41Z,0,0,Rust,True,True,MIT License
tgdwyer,tgdwyer/donationsgraph,2024-02-28T04:03:25Z,0,0,Jupyter Notebook,True,True,
jarshwah,jarshwah/experiments-harakiri,2024-02-28T00:42:48Z,0,0,Python,True,True,
AndiiCodes,AndiiCodes/Chitorium,2024-02-26T11:05:57Z,0,0,HTML,True,True,
ocavue,ocavue/aria-ui,2024-02-24T16:12:12Z,8,8,TypeScript,True,True,MIT License
feilipu,feilipu/InTheDark,2024-02-24T01:21:01Z,0,0,Pascal,True,True,
dusterio,dusterio/PhotoMaker,2024-02-23T22:17:49Z,0,0,Jupyter Notebook,True,False,Other
mitchmindtree,mitchmindtree/cosmos.nix,2024-02-23T14:06:19Z,0,0,,True,True,MIT License
jonoxer,jonoxer/install,2024-02-23T03:11:11Z,0,0,,True,False,MIT License
emilytrau,emilytrau/donkeypart_ps3_controller,2024-02-21T12:42:16Z,0,0,Python,True,True,
Mair,Mair/esp32-u8g2,2024-02-21T05:04:08Z,1,1,C,True,True,
akmand,akmand/spFSR-R,2024-02-21T04:31:06Z,0,0,R,True,True,MIT License
glennawatson,glennawatson/CSharpGenerateCommentsOpenAi,2024-02-21T02:52:59Z,1,1,C#,True,True,MIT License
DanielThomas,DanielThomas/async-profiler,2024-02-20T01:32:42Z,0,0,,True,True,Apache License 2.0
DanielThomas,DanielThomas/graphql-java,2024-02-19T06:34:24Z,0,0,Java,True,True,MIT License
camjackson,camjackson/betterer,2024-02-16T11:17:16Z,0,0,,True,False,MIT License
GenevieveBuckley,GenevieveBuckley/Checkers,2024-02-16T04:56:26Z,0,0,,True,False,
KyeOnDiscord,KyeOnDiscord/EpicAccountLookup,2024-02-13T12:19:19Z,1,1,Python,True,True,MIT License
PaulBone,PaulBone/homepage,2024-02-13T00:00:09Z,0,0,,True,False,
emilytrau,emilytrau/dune3d,2024-02-12T06:36:56Z,0,0,,True,False,GNU General Public License v3.0
davkean,davkean/codemaid,2024-02-12T00:28:42Z,0,0,,True,False,GNU Lesser General Public License v3.0
xaviershay,xaviershay/axiomator,2024-02-11T21:13:37Z,0,0,Haskell,True,False,Other
loklaan,loklaan/dotfiles,2024-02-11T05:50:17Z,0,0,Shell,False,False,
justinfrench,justinfrench/solid_cache,2024-02-11T04:41:04Z,0,0,,True,True,MIT License
michaeltaranto,michaeltaranto/react-remove-scroll-bar,2024-02-09T02:49:29Z,0,0,TypeScript,True,True,
karkranikhil,karkranikhil/Agriculture-Empowerment-Hackathon,2024-02-09T01:54:56Z,0,0,,True,False,
pat,pat/buildkite-test-collector-ruby,2024-02-09T01:27:41Z,0,0,,True,True,MIT License
okeeffed,okeeffed/aws-dbg,2024-02-08T06:18:04Z,0,0,JavaScript,True,True,Other
abolkog,abolkog/gcp-emulator,2024-02-07T23:13:24Z,0,0,JavaScript,True,False,
ocavue,ocavue/autocomplete-ngram-model,2024-02-07T06:31:28Z,0,0,,True,True,Apache License 2.0
NiREvil,NiREvil/Dev,2024-02-07T00:36:52Z,8,8,,True,True,
RManLuo,RManLuo/auto-v2ex,2024-02-06T10:52:09Z,0,0,TypeScript,True,True,MIT License
ldiebold,ldiebold/hello-world-javascript-action,2024-02-06T09:43:04Z,0,0,,True,True,
eliocamp,eliocamp/base.es,2024-02-05T16:56:52Z,0,0,R,True,True,
sporto,sporto/advent-of-code,2024-02-05T09:14:32Z,0,0,,True,True,
alexbrainman,alexbrainman/goissue31160,2024-02-03T06:42:32Z,0,0,Go,True,True,
Aisuko,Aisuko/tutorials,2024-02-02T10:07:40Z,0,0,Jupyter Notebook,True,True,"BSD 3-Clause ""New"" or ""Revised"" License"
LucasGarcez,LucasGarcez/react-native-vision-camera,2024-02-02T08:58:28Z,1,1,,True,False,MIT License
tmeasday,tmeasday/8.0.0-alpha.17-vue3-vite-default-ts,2024-02-02T02:29:55Z,0,0,,True,True,
NiREvil,NiREvil/wireguard-go,2024-02-01T22:31:08Z,25,25,Go,False,False,MIT License
KaelWD,KaelWD/dom-examples,2024-02-01T14:35:02Z,0,0,,True,False,Creative Commons Zero v1.0 Universal
minghao-wu,minghao-wu/phi2oh,2024-02-01T10:46:55Z,0,0,,True,True,
tmeasday,tmeasday/8.0.0-alpha.17-react-vite-default-ts,2024-02-01T04:49:39Z,0,0,MDX,True,True,
UnexpectedMaker,UnexpectedMaker/DumbLIDAR,2024-01-31T22:04:41Z,2,2,Python,True,True,MIT License
tyconsulting,tyconsulting/bicep-registry-modules,2024-01-31T09:43:20Z,0,0,Bicep,True,False,MIT License
mosh-hamedani,mosh-hamedani/react-testing-finish,2024-01-30T17:23:46Z,47,47,TypeScript,True,False,
jarshwah,jarshwah/experiments-celery,2024-01-30T01:49:53Z,0,0,Python,True,True,
mosh-hamedani,mosh-hamedani/react-testing-starter,2024-01-29T20:30:40Z,60,60,TypeScript,True,False,
josephsurin,josephsurin/neovim-flake,2024-01-29T08:08:04Z,1,1,Nix,True,True,
nataliethenerd,nataliethenerd/nataliethenerd.github.io,2024-01-27T14:44:27Z,0,0,,True,True,
pento,pento/flutter_map_marker_popup,2024-01-27T02:38:12Z,0,0,Dart,True,True,"BSD 3-Clause ""New"" or ""Revised"" License"
iancoleman,iancoleman/aes_vs_bls_encryption_benchmarks,2024-01-26T04:42:53Z,0,0,Rust,True,True,
nnethercote,nnethercote/constrandom,2024-01-25T23:32:55Z,0,0,,True,True,Apache License 2.0
tmeasday,tmeasday/7.6.10-nextjs-default-ts,2024-01-24T06:33:38Z,0,0,,True,True,
alexhude,alexhude/InkplateDashboard,2024-01-24T05:17:22Z,1,1,C++,True,True,
gonzalo-bulnes,gonzalo-bulnes/betaflight-presets,2024-01-23T22:04:59Z,0,0,JavaScript,True,False,GNU General Public License v3.0
RManLuo,RManLuo/ChatRule,2024-01-22T00:27:22Z,53,53,Python,True,True,MIT License
jxom,jxom/core,2024-01-18T23:50:42Z,0,0,,True,False,Apache License 2.0
ntwb,ntwb/co-op,2024-01-18T06:18:23Z,0,0,,True,True,MIT License
lvjian700,lvjian700/play-chatgpt-apis,2024-01-18T00:59:36Z,0,0,Jupyter Notebook,True,True,MIT License
NiREvil,NiREvil/windows-activation,2024-01-18T00:12:36Z,87,87,,False,True,MIT License
NiREvil,NiREvil/sms-bomber,2024-01-17T04:42:00Z,16,16,Python,True,True,GNU General Public License v3.0
kivikakk,kivikakk/emacs-osx,2024-01-17T00:44:54Z,0,0,Nix,True,True,MIT License
mitchdenny,mitchdenny/azure-dev,2024-01-15T22:56:40Z,0,0,,True,True,MIT License
willvelida,willvelida/aspire,2024-01-13T07:09:35Z,0,0,,True,False,MIT License
mihar-22,mihar-22/signals,2024-01-13T04:21:38Z,0,0,TypeScript,True,True,
mosh-hamedani,mosh-hamedani/javascript-testing-finish,2024-01-11T19:43:50Z,27,27,JavaScript,True,False,
RoyalIcing,RoyalIcing/content,2024-01-11T02:03:51Z,0,0,,True,False,Other
nataliethenerd,nataliethenerd/CGB_ReverseEngineer,2024-01-09T12:54:00Z,63,63,,True,False,Other
nataliethenerd,nataliethenerd/MiyooMiniRE,2024-01-08T12:50:11Z,2,2,,True,True,
mohammadKarimi,mohammadKarimi/SwiftLink,2024-01-08T10:37:41Z,107,107,C#,True,True,MIT License
rrwick,rrwick/Circular-Contig-Extractor,2024-01-08T05:01:49Z,8,8,Python,True,False,GNU General Public License v3.0
kivikakk,kivikakk/beffast,2024-01-07T21:44:06Z,1,1,C++,False,False,
eliocamp,eliocamp/ceofcmip6,2024-01-07T15:26:50Z,0,0,TeX,True,True,
MelbourneDeveloper,MelbourneDeveloper/arborio,2024-01-05T06:53:44Z,6,6,Dart,True,True,"BSD 3-Clause ""New"" or ""Revised"" License"
drewnoakes,drewnoakes/AspNetCore.Docs,2024-01-05T03:28:25Z,0,0,,True,False,Creative Commons Attribution 4.0 International
grahamegrieve,grahamegrieve/zflate,2024-01-05T02:15:07Z,2,2,Pascal,True,True,MIT License
NiREvil,NiREvil/warp,2024-01-04T18:43:42Z,16,16,Shell,True,True,Eclipse Public License 2.0
mitchdenny,mitchdenny/azd-cosmos-sample,2024-01-04T13:14:54Z,0,0,C#,True,True,
KaelWD,KaelWD/monkeytype,2024-01-04T06:40:54Z,0,0,,True,False,GNU General Public License v3.0
justinsteven,justinsteven/smtpsmug,2024-01-03T06:50:44Z,0,0,,True,True,BSD Zero Clause License
okeeffed,okeeffed/blog-react-ts-as-prop,2024-01-03T04:14:58Z,0,0,CSS,True,True,
ibracorp,ibracorp/hourfy,2024-01-02T01:25:42Z,2,2,,True,True,
kivikakk,kivikakk/ex-markdown,2024-01-01T11:16:12Z,1,1,Elixir,False,False,MIT License
kivikakk,kivikakk/akkoma,2024-01-01T09:52:24Z,1,1,Elixir,False,False,Other
Zemerik,Zemerik/Ramanujan,2023-12-31T08:06:32Z,15,15,TypeScript,True,False,"BSD 2-Clause ""Simplified"" License"
kawarimidoll,kawarimidoll/autoplay.vim,2023-12-31T07:39:50Z,16,16,Vim Script,True,True,MIT License
chrisleekr,chrisleekr/salesforce-postgres-sync,2023-12-30T22:29:18Z,0,0,JavaScript,False,False,
martinbjeldbak,martinbjeldbak/obsidian-stuff,2023-12-30T12:21:58Z,1,1,JavaScript,False,False,
aidansteele,aidansteele/aidans.org,2023-12-29T03:38:42Z,0,0,HTML,True,True,
Mair,Mair/c-chalk,2023-12-27T02:49:15Z,5,5,C,True,True,
robn,robn/.github,2023-12-24T11:18:07Z,0,0,,True,True,
arttnba3,arttnba3/ctf-challenges,2023-12-24T09:42:33Z,0,0,,True,True,
Zemerik,Zemerik/Portfolio-Template,2023-12-24T05:14:25Z,17,17,JavaScript,False,False,MIT License
Falconerd,Falconerd/engine_from_scratch,2023-12-21T21:36:16Z,0,0,C,True,False,
esteinig,esteinig/brick,2023-12-21T20:21:38Z,12,12,Svelte,True,True,MIT License
bulkan,bulkan/advent-of-code,2023-12-21T00:47:51Z,0,0,Rust,True,True,
seek-oss,seek-oss/aws-codedeploy-hooks,2023-12-20T23:32:02Z,1,1,TypeScript,False,False,MIT License
mosh-hamedani,mosh-hamedani/javascript-testing-starter,2023-12-20T17:49:51Z,37,37,JavaScript,True,False,
RManLuo,RManLuo/docker-openconnect-sso,2023-12-18T22:51:42Z,3,3,Dockerfile,True,True,
tqwewe,tqwewe/arroyo,2023-12-18T08:53:14Z,0,0,,True,False,Apache License 2.0
bardiharborow,bardiharborow/graphql-inspector,2023-12-16T14:16:58Z,0,0,TypeScript,True,False,MIT License
bardiharborow,bardiharborow/node-orb,2023-12-16T08:01:53Z,0,0,,True,False,MIT License
ldiebold,ldiebold/advance-fuel-pricing,2023-12-14T22:05:15Z,0,0,,True,True,
hawkowl,hawkowl/installer-aro,2023-12-13T04:34:10Z,0,0,,True,False,Apache License 2.0
dicook,dicook/ASC_2023,2023-12-10T23:06:37Z,3,3,JavaScript,True,True,GNU General Public License v3.0
minghao-wu,minghao-wu/seacrowd-datahub,2023-12-10T17:12:09Z,0,0,,True,True,Apache License 2.0
NiREvil,NiREvil/workers-cloudflare,2023-12-09T22:16:36Z,20,20,JavaScript,False,False,MIT License
abruzzi,abruzzi/async-loading-parcel-demo,2023-12-09T10:52:59Z,0,0,JavaScript,True,True,
ninxsoft,ninxsoft/adventofcode,2023-12-08T05:42:40Z,3,3,Swift,True,False,MIT License
notahat,notahat/advent-of-code-2023,2023-12-08T00:03:14Z,0,0,Ruby,True,True,
timacdonald,timacdonald/404-monitor,2023-12-07T22:04:21Z,1,1,,True,False,MIT License
engram-design,engram-design/craft-neo,2023-12-07T10:43:21Z,0,0,PHP,True,False,Other
tomdalling,tomdalling/aoc2023,2023-12-07T07:41:30Z,0,0,Common Lisp,True,True,
dicook,dicook/IASC-ARS-2023,2023-12-06T11:16:36Z,0,0,JavaScript,True,True,Creative Commons Zero v1.0 Universal
stevage,stevage/chordo-site,2023-12-06T04:14:07Z,0,0,HTML,True,True,
PaulBone,PaulBone/phc-tools,2023-12-05T06:13:16Z,0,0,,True,True,Mozilla Public License 2.0
abruzzi,abruzzi/babel-plugin-annotation-in-comments,2023-12-04T11:07:09Z,0,0,JavaScript,True,True,
vinisalazar,vinisalazar/CCMetagen,2023-12-04T03:16:12Z,0,0,Python,True,True,GNU General Public License v3.0
chris-horner,chris-horner/advent-of-code-2023,2023-12-02T11:08:03Z,0,0,Kotlin,True,True,Apache License 2.0
NiREvil,NiREvil/kytan,2023-12-01T20:44:21Z,6,6,Rust,True,True,Apache License 2.0
UnexpectedMaker,UnexpectedMaker/bling,2023-12-01T01:52:34Z,11,11,C++,True,True,
okeeffed,okeeffed/demo-drizzle-zod-trpc-openapi,2023-12-01T00:41:12Z,2,2,TypeScript,True,True,
cjbj,cjbj/oracle-electron,2023-11-30T02:43:20Z,2,2,JavaScript,True,True,Apache License 2.0
xxfast,xxfast/advent-of-code-23,2023-11-30T01:18:19Z,2,2,Kotlin,True,True,
NiREvil,NiREvil/NiREvil,2023-11-29T13:52:10Z,12,12,,True,True,
arttnba3,arttnba3/ClosureOS,2023-11-29T12:07:10Z,65,65,C++,True,True,GNU General Public License v2.0
ziplab,ziplab/Stitched_LLaMA,2023-11-29T02:40:27Z,7,7,,True,True,
benbarsdell,benbarsdell/ruy,2023-11-28T06:34:51Z,0,0,,True,True,Apache License 2.0
philipbelesky,philipbelesky/Heron,2023-11-27T23:12:31Z,0,0,,True,True,MIT License
NiREvil,NiREvil/OF-DL,2023-11-27T17:25:31Z,23,23,C#,False,True,GNU General Public License v3.0
benbarsdell,benbarsdell/xla,2023-11-27T07:10:57Z,0,0,,True,False,Apache License 2.0
RoyalIcing,RoyalIcing/BrandCase,2023-11-22T23:13:25Z,1,1,,True,True,MIT License
drewnoakes,drewnoakes/aspire,2023-11-22T03:46:59Z,0,0,C#,True,False,MIT License
abruzzi,abruzzi/3d-forest-map-ggplot2,2023-11-22T02:45:21Z,1,1,,True,True,
merill,merill/aaguid,2023-11-22T01:49:59Z,0,0,,True,True,MIT License
hamishwillee,hamishwillee/custom-state-pseudo-class,2023-11-20T03:45:01Z,0,0,,True,False,Other
camjackson,camjackson/donna-v2,2023-11-19T23:26:16Z,0,0,TypeScript,True,True,
UnexpectedMaker,UnexpectedMaker/esp32c6,2023-11-17T20:33:36Z,5,5,,True,True,
grahamegrieve,grahamegrieve/IpsApp,2023-11-16T19:28:41Z,0,0,Kotlin,True,True,Apache License 2.0
NiREvil,NiREvil/serverless-dns,2023-11-15T11:33:19Z,8,8,JavaScript,True,True,Mozilla Public License 2.0
NiREvil,NiREvil/cf-workers-dns-over-https,2023-11-15T11:15:52Z,7,7,JavaScript,True,True,MIT License
Mair,Mair/esp-chalk,2023-11-15T09:07:46Z,0,0,CMake,True,True,
sj26,sj26/bugsnag-ruby,2023-11-15T05:47:23Z,0,0,,True,False,MIT License
mohammadKarimi,mohammadKarimi/DDDBook,2023-11-14T16:05:10Z,136,136,,True,True,Creative Commons Zero v1.0 Universal
wolfeidau,wolfeidau/action-nx-code-coverage,2023-11-14T00:21:14Z,0,0,,True,True,MIT License
Falconerd,Falconerd/editor,2023-11-13T09:28:45Z,5,5,C,True,True,
TheCherno,TheCherno/ProjectTemplate,2023-11-13T04:24:02Z,414,414,Lua,True,False,The Unlicense
mblode,mblode/blue-noise-ts,2023-11-12T04:11:57Z,0,0,TypeScript,True,True,
ned2,ned2/duckpond,2023-11-11T02:47:28Z,2,2,,True,True,MIT License
tqwewe,tqwewe/cargo-component,2023-11-10T04:02:52Z,0,0,,True,False,Apache License 2.0
arttnba3,arttnba3/BlogPic,2023-11-09T09:30:56Z,0,0,,True,True,
tqwewe,tqwewe/cargo-component-issue,2023-11-09T06:40:58Z,0,0,Rust,True,True,
PaulBone,PaulBone/experimenter,2023-11-09T04:59:14Z,0,0,Python,True,False,Mozilla Public License 2.0
UnexpectedMaker,UnexpectedMaker/micropython-builder,2023-11-09T00:38:13Z,1,1,,True,True,MIT License
Adnan25z,Adnan25z/Adnan25z.github.io,2023-11-07T12:45:23Z,0,0,,True,True,
